epoch,steps,MSE
0,50,15.100952360868137
0,100,14.783865541291217
0,10000,88.28628165078132
0,20000,172.22889431276437
0,30000,42.51574395340254
0,40000,164.039098797505
0,50000,5.946060235967829
0,60000,0.18876838771357535
0,70000,0.0
0,80000,0.0
0,90000,0.0
