epoch,steps,MSE
0,-1,0.26780275647239976
1,-1,nan
2,-1,nan
3,-1,nan
0,-1,2.0969292119295817
1,-1,0.33797716085523005
2,-1,0.14376124381835972
3,-1,nan
4,-1,nan
5,-1,nan
